83201,42.88949,-112.38324,Pocatello,ID,Idaho,TRUE,,39170,442.1,16005,Bannock,"{""16005"": 100}",Bannock,16005,FALSE,FALSE,America/Boise
83202,42.97057,-112.34734,Pocatello,ID,Idaho,TRUE,,22716,52.6,16005,Bannock,"{""16005"": 90.37, ""16011"": 9.63}",Bannock|Bingham,16005|16011,FALSE,FALSE,America/Boise
83203,43.0252,-112.42813,Fort Hall,ID,Idaho,TRUE,,30,26.5,16011,Bingham,"{""16011"": 100}",Bingham,16011,FALSE,FALSE,America/Boise
83204,42.79219,-112.51877,Pocatello,ID,Idaho,TRUE,,18465,25.5,16077,Power,"{""16077"": 59.24, ""16005"": 40.76}",Power|Bannock,16077|16005,FALSE,FALSE,America/Boise
83209,42.85782,-112.42619,Pocatello,ID,Idaho,TRUE,,1308,753.9,16005,Bannock,"{""16005"": 100}",Bannock,16005,FALSE,FALSE,America/Boise
83210,43.02069,-112.86048,Aberdeen,ID,Idaho,TRUE,,3949,5.7,16011,Bingham,"{""16011"": 100}",Bingham,16011,FALSE,FALSE,America/Boise
83211,42.66257,-113.06186,American Falls,ID,Idaho,TRUE,,6399,3.3,16077,Power,"{""16077"": 65.33, ""16031"": 34.41, ""16011"": 0.26}",Power|Cassia|Bingham,16077|16031|16011,FALSE,FALSE,America/Boise
83212,42.50847,-112.54828,Arbon,ID,Idaho,TRUE,,388,0.7,16077,Power,"{""16077"": 86.02, ""16071"": 13.98}",Power|Oneida,16077|16071,FALSE,FALSE,America/Boise
83213,43.55171,-113.35809,Arco,ID,Idaho,TRUE,,1299,0.7,16023,Butte,"{""16023"": 100}",Butte,16023,FALSE,FALSE,America/Boise
83214,42.54495,-112.29362,Arimo,ID,Idaho,TRUE,,665,2.3,16005,Bannock,"{""16005"": 100}",Bannock,16005,FALSE,FALSE,America/Boise
83215,43.44314,-112.81239,Atomic City,ID,Idaho,TRUE,,21,102.1,16011,Bingham,"{""16011"": 100}",Bingham,16011,FALSE,FALSE,America/Boise
83217,42.77525,-111.93559,Bancroft,ID,Idaho,TRUE,,947,1.2,16029,Caribou,"{""16029"": 100}",Caribou,16029,FALSE,FALSE,America/Boise
83218,43.31803,-112.16453,Basalt,ID,Idaho,TRUE,,438,374.2,16011,Bingham,"{""16011"": 100}",Bingham,16011,FALSE,FALSE,America/Boise
83220,42.34465,-111.38008,Bern,ID,Idaho,TRUE,,80,2.6,16007,Bear Lake,"{""16007"": 100}",Bear Lake,16007,FALSE,FALSE,America/Boise
83221,43.30874,-112.53217,Blackfoot,ID,Idaho,TRUE,,28822,15.3,16011,Bingham,"{""16011"": 100}",Bingham,16011,FALSE,FALSE,America/Boise
83223,42.18249,-111.40327,Bloomington,ID,Idaho,TRUE,,193,24.0,16007,Bear Lake,"{""16007"": 100}",Bear Lake,16007,FALSE,FALSE,America/Boise
83226,44.40775,-114.06951,Challis,ID,Idaho,TRUE,,2296,0.4,16037,Custer,"{""16037"": 87.32, ""16059"": 12.68}",Custer|Lemhi,16037|16059,FALSE,FALSE,America/Boise
83227,44.16563,-114.49424,Clayton,ID,Idaho,TRUE,,70,0.1,16037,Custer,"{""16037"": 100}",Custer,16037,FALSE,FALSE,America/Boise
83228,42.19496,-112.03658,Clifton,ID,Idaho,TRUE,,1101,6.1,16041,Franklin,"{""16041"": 100}",Franklin,16041,FALSE,FALSE,America/Boise
83232,42.13341,-111.97245,Dayton,ID,Idaho,TRUE,,473,22.2,16041,Franklin,"{""16041"": 100}",Franklin,16041,FALSE,FALSE,America/Boise
83233,42.15664,-111.25256,Dingle,ID,Idaho,TRUE,,262,3.3,16007,Bear Lake,"{""16007"": 100}",Bear Lake,16007,FALSE,FALSE,America/Boise
83234,42.41661,-112.09482,Downey,ID,Idaho,TRUE,,1462,2.1,16005,Bannock,"{""16005"": 100}",Bannock,16005,FALSE,FALSE,America/Boise
83235,44.60163,-114.03404,Ellis,ID,Idaho,TRUE,,124,0.9,16037,Custer,"{""16037"": 93.74, ""16059"": 6.26}",Custer|Lemhi,16037|16059,FALSE,FALSE,America/Boise
83236,43.22819,-111.94894,Firth,ID,Idaho,TRUE,,2018,3.6,16011,Bingham,"{""16011"": 100}",Bingham,16011,FALSE,FALSE,America/Boise
83237,42.02737,-111.77626,Franklin,ID,Idaho,TRUE,,1332,22.2,16041,Franklin,"{""16041"": 100}",Franklin,16041,FALSE,FALSE,America/Boise
83238,42.37942,-111.10593,Geneva,ID,Idaho,TRUE,,100,0.4,16007,Bear Lake,"{""16007"": 100}",Bear Lake,16007,FALSE,FALSE,America/Boise
83239,42.53167,-111.36528,Georgetown,ID,Idaho,TRUE,,862,4.7,16007,Bear Lake,"{""16007"": 100}",Bear Lake,16007,FALSE,FALSE,America/Boise
83241,42.51527,-111.76214,Grace,ID,Idaho,TRUE,,2377,4.7,16029,Caribou,"{""16029"": 99.9, ""16041"": 0.1}",Caribou|Franklin,16029|16041,FALSE,FALSE,America/Boise
83243,42.24444,-112.67292,Holbrook,ID,Idaho,TRUE,,14,0.0,16071,Oneida,"{""16071"": 100}",Oneida,16071,FALSE,FALSE,America/Boise
83244,43.94076,-113.11287,Howe,ID,Idaho,TRUE,,434,0.2,16023,Butte,"{""16023"": 100}",Butte,16023,FALSE,FALSE,America/Boise
83245,42.82286,-112.21713,Inkom,ID,Idaho,TRUE,,2411,9.5,16005,Bannock,"{""16005"": 100}",Bannock,16005,FALSE,FALSE,America/Boise
83246,42.60616,-112.03051,Lava Hot Springs,ID,Idaho,TRUE,,1106,3.1,16005,Bannock,"{""16005"": 100}",Bannock,16005,FALSE,FALSE,America/Boise
83250,42.67228,-112.20865,Mccammon,ID,Idaho,TRUE,,2095,9.5,16005,Bannock,"{""16005"": 100}",Bannock,16005,FALSE,FALSE,America/Boise
83251,43.90738,-113.86425,Mackay,ID,Idaho,TRUE,,1286,0.4,16037,Custer,"{""16037"": 100}",Custer,16037,FALSE,FALSE,America/Boise
83252,42.18979,-112.38411,Malad City,ID,Idaho,TRUE,,4546,2.4,16071,Oneida,"{""16071"": 100}",Oneida,16071,FALSE,FALSE,America/Boise
83253,44.54647,-113.77167,May,ID,Idaho,TRUE,,84,0.1,16059,Lemhi,"{""16059"": 71.95, ""16037"": 28.05}",Lemhi|Custer,16059|16037,FALSE,FALSE,America/Boise
83254,42.36403,-111.2655,Montpelier,ID,Idaho,TRUE,,3527,2.4,16007,Bear Lake,"{""16007"": 82.59, ""16029"": 17.41}",Bear Lake|Caribou,16007|16029,FALSE,FALSE,America/Boise
83255,43.72829,-113.45702,Moore,ID,Idaho,TRUE,,1113,2.1,16023,Butte,"{""16023"": 89.68, ""16037"": 10.32}",Butte|Custer,16023|16037,FALSE,FALSE,America/Boise
83261,42.22112,-111.40661,Paris,ID,Idaho,TRUE,,747,12.2,16007,Bear Lake,"{""16007"": 100}",Bear Lake,16007,FALSE,FALSE,America/Boise
83262,43.18419,-112.7658,Pingree,ID,Idaho,TRUE,,1031,1.9,16011,Bingham,"{""16011"": 100}",Bingham,16011,FALSE,FALSE,America/Boise
83263,42.17757,-111.76101,Preston,ID,Idaho,TRUE,,9813,9.2,16041,Franklin,"{""16041"": 100}",Franklin,16041,FALSE,FALSE,America/Boise
83271,42.4574,-112.84551,Rockland,ID,Idaho,TRUE,,334,0.5,16077,Power,"{""16077"": 100}",Power,16077,FALSE,FALSE,America/Boise
83272,42.09156,-111.36835,Saint Charles,ID,Idaho,TRUE,,212,0.6,16007,Bear Lake,"{""16007"": 100}",Bear Lake,16007,FALSE,FALSE,America/Boise
83274,43.35049,-112.09904,Shelley,ID,Idaho,TRUE,,10593,41.5,16011,Bingham,"{""16011"": 99.54, ""16019"": 0.46}",Bingham|Bonneville,16011|16019,FALSE,FALSE,America/Boise
83276,42.75942,-111.44451,Soda Springs,ID,Idaho,TRUE,,3887,2.2,16029,Caribou,"{""16029"": 95.67, ""16007"": 4.33}",Caribou|Bear Lake,16029|16007,FALSE,FALSE,America/Boise
83277,43.07429,-112.68127,Springfield,ID,Idaho,TRUE,,168,7.8,16011,Bingham,"{""16011"": 100}",Bingham,16011,FALSE,FALSE,America/Boise
83278,44.36917,-114.85619,Stanley,ID,Idaho,TRUE,,372,0.1,16037,Custer,"{""16037"": 100}",Custer,16037,FALSE,FALSE,America/Boise
83281,42.31044,-111.95953,Swanlake,ID,Idaho,TRUE,,81,0.8,16005,Bannock,"{""16005"": 100}",Bannock,16005,FALSE,FALSE,America/Boise
83283,42.35709,-111.66445,Thatcher,ID,Idaho,TRUE,,206,1.4,16041,Franklin,"{""16041"": 100}",Franklin,16041,FALSE,FALSE,America/Boise
83285,43.061,-111.37199,Wayan,ID,Idaho,TRUE,,31,0.1,16019,Bonneville,"{""16019"": 68.44, ""16029"": 31.56}",Bonneville|Caribou,16019|16029,FALSE,FALSE,America/Boise
83286,42.0533,-112.0148,Weston,ID,Idaho,TRUE,,1451,7.7,16041,Franklin,"{""16041"": 100}",Franklin,16041,FALSE,FALSE,America/Boise
83287,42.03671,-111.45894,Fish Haven,ID,Idaho,TRUE,,240,3.4,16007,Bear Lake,"{""16007"": 100}",Bear Lake,16007,FALSE,FALSE,America/Boise
83301,42.39472,-114.52203,Twin Falls,ID,Idaho,TRUE,,61291,80.0,16083,Twin Falls,"{""16083"": 99.26, ""16053"": 0.74}",Twin Falls|Jerome,16083|16053,FALSE,FALSE,America/Boise
83302,42.10012,-114.82857,Rogerson,ID,Idaho,TRUE,,338,0.4,16083,Twin Falls,"{""16083"": 74.28, ""16073"": 25.72}",Twin Falls|Owyhee,16083|16073,FALSE,FALSE,America/Boise
83311,42.40396,-113.55864,Albion,ID,Idaho,TRUE,,690,2.9,16031,Cassia,"{""16031"": 100}",Cassia,16031,FALSE,FALSE,America/Boise
83312,42.10296,-113.6319,Almo,ID,Idaho,TRUE,,137,0.6,16031,Cassia,"{""16031"": 100}",Cassia,16031,FALSE,FALSE,America/Boise
83313,43.3586,-114.20511,Bellevue,ID,Idaho,TRUE,,4037,6.1,16013,Blaine,"{""16013"": 100}",Blaine,16013,FALSE,FALSE,America/Boise
83314,42.97376,-114.95228,Bliss,ID,Idaho,TRUE,,865,2.6,16047,Gooding,"{""16047"": 99.13, ""16083"": 0.87}",Gooding|Twin Falls,16047|16083,FALSE,FALSE,America/Boise
83316,42.60622,-114.88507,Buhl,ID,Idaho,TRUE,,10335,13.6,16083,Twin Falls,"{""16083"": 84.93, ""16073"": 14.32, ""16047"": 0.75}",Twin Falls|Owyhee|Gooding,16083|16073|16047,FALSE,FALSE,America/Boise
83318,42.43434,-113.82007,Burley,ID,Idaho,TRUE,,19324,29.4,16031,Cassia,"{""16031"": 99.82, ""16067"": 0.18}",Cassia|Minidoka,16031|16067,FALSE,FALSE,America/Boise
83320,43.40515,-113.88309,Carey,ID,Idaho,TRUE,,1467,1.4,16013,Blaine,"{""16013"": 100}",Blaine,16013,FALSE,FALSE,America/Boise
83321,42.35955,-114.86312,Castleford,ID,Idaho,TRUE,,496,1.1,16083,Twin Falls,"{""16083"": 100}",Twin Falls,16083,FALSE,FALSE,America/Boise
83322,43.31475,-114.96811,Corral,ID,Idaho,TRUE,,64,0.2,16025,Camas,"{""16025"": 100}",Camas,16025,FALSE,FALSE,America/Boise
83323,42.46902,-113.4081,Declo,ID,Idaho,TRUE,,1646,3.1,16031,Cassia,"{""16031"": 100}",Cassia,16031,FALSE,FALSE,America/Boise
83324,42.87725,-114.2615,Dietrich,ID,Idaho,TRUE,,712,3.2,16063,Lincoln,"{""16063"": 100}",Lincoln,16063,FALSE,FALSE,America/Boise
83325,42.58675,-114.24282,Eden,ID,Idaho,TRUE,,799,8.4,16053,Jerome,"{""16053"": 100}",Jerome,16053,FALSE,FALSE,America/Boise
83327,43.51145,-114.7961,Fairfield,ID,Idaho,TRUE,,1034,0.5,16025,Camas,"{""16025"": 100}",Camas,16025,FALSE,FALSE,America/Boise
83328,42.56962,-114.61665,Filer,ID,Idaho,TRUE,,6167,35.4,16083,Twin Falls,"{""16083"": 100}",Twin Falls,16083,FALSE,FALSE,America/Boise
83330,42.94207,-114.69291,Gooding,ID,Idaho,TRUE,,6853,17.9,16047,Gooding,"{""16047"": 99.05, ""16063"": 0.95}",Gooding|Lincoln,16047|16063,FALSE,FALSE,America/Boise
83332,42.79758,-114.92962,Hagerman,ID,Idaho,TRUE,,2427,10.6,16083,Twin Falls,"{""16083"": 60.16, ""16047"": 39.84}",Twin Falls|Gooding,16083|16047,FALSE,FALSE,America/Boise
83333,43.57589,-114.2214,Hailey,ID,Idaho,TRUE,,11869,8.8,16013,Blaine,"{""16013"": 100}",Blaine,16013,FALSE,FALSE,America/Boise
83334,42.4243,-114.29126,Hansen,ID,Idaho,TRUE,,2406,10.5,16083,Twin Falls,"{""16083"": 100}",Twin Falls,16083,FALSE,FALSE,America/Boise
83335,42.58726,-114.07347,Hazelton,ID,Idaho,TRUE,,2296,7.8,16053,Jerome,"{""16053"": 99.3, ""16067"": 0.7}",Jerome|Minidoka,16053|16067,FALSE,FALSE,America/Boise
83336,42.5626,-113.81699,Heyburn,ID,Idaho,TRUE,,6404,70.2,16067,Minidoka,"{""16067"": 100}",Minidoka,16067,FALSE,FALSE,America/Boise
83337,43.21807,-115.1575,Hill City,ID,Idaho,TRUE,,15,0.0,16039,Elmore,"{""16039"": 82.44, ""16025"": 17.56}",Elmore|Camas,16039|16025,FALSE,FALSE,America/Boise
83338,42.72501,-114.43273,Jerome,ID,Idaho,TRUE,,21284,29.7,16053,Jerome,"{""16053"": 95.36, ""16047"": 3.43, ""16063"": 1.21}",Jerome|Gooding|Lincoln,16053|16047|16063,FALSE,FALSE,America/Boise
83340,43.77178,-114.58138,Ketchum,ID,Idaho,TRUE,,5344,3.7,16013,Blaine,"{""16013"": 100}",Blaine,16013,FALSE,FALSE,America/Boise
83341,42.42875,-114.37052,Kimberly,ID,Idaho,TRUE,,8798,39.9,16083,Twin Falls,"{""16083"": 100}",Twin Falls,16083,FALSE,FALSE,America/Boise
83342,42.15014,-113.22915,Malta,ID,Idaho,TRUE,,1370,0.4,16031,Cassia,"{""16031"": 65.43, ""16071"": 21.35, ""49003"": 13.22}",Cassia|Oneida|Box Elder,16031|16071|49003,FALSE,FALSE,America/Boise
83344,42.40437,-114.11768,Murtaugh,ID,Idaho,TRUE,,1246,2.7,16031,Cassia,"{""16031"": 68.54, ""16083"": 31.46}",Cassia|Twin Falls,16031|16083,FALSE,FALSE,America/Boise
83346,42.19491,-113.9046,Oakley,ID,Idaho,TRUE,,1367,1.7,16031,Cassia,"{""16031"": 100}",Cassia,16031,FALSE,FALSE,America/Boise
83347,42.73812,-113.87705,Paul,ID,Idaho,TRUE,,3057,5.2,16067,Minidoka,"{""16067"": 44.96, ""16063"": 37.17, ""16053"": 17.87}",Minidoka|Lincoln|Jerome,16067|16063|16053,FALSE,FALSE,America/Boise
83348,43.28489,-114.10592,Picabo,ID,Idaho,TRUE,,56,0.8,16013,Blaine,"{""16013"": 100}",Blaine,16013,FALSE,FALSE,America/Boise
83349,43.10148,-114.17784,Richfield,ID,Idaho,TRUE,,1216,5.5,16063,Lincoln,"{""16063"": 100}",Lincoln,16063,FALSE,FALSE,America/Boise
83350,42.70996,-113.59812,Rupert,ID,Idaho,TRUE,,12355,18.1,16067,Minidoka,"{""16067"": 81.9, ""16013"": 10.93, ""16031"": 7.17}",Minidoka|Blaine|Cassia,16067|16013|16031,FALSE,FALSE,America/Boise
83352,43.05133,-114.40584,Shoshone,ID,Idaho,TRUE,,3381,6.0,16063,Lincoln,"{""16063"": 87.04, ""16025"": 10.91, ""16013"": 2.05}",Lincoln|Camas|Blaine,16063|16025|16013,FALSE,FALSE,America/Boise
83353,43.68625,-114.33354,Sun Valley,ID,Idaho,TRUE,,1373,59.6,16013,Blaine,"{""16013"": 100}",Blaine,16013,FALSE,FALSE,America/Boise
83354,43.67012,-114.32235,Sun Valley,ID,Idaho,TRUE,,10,195.8,16013,Blaine,"{""16013"": 100}",Blaine,16013,FALSE,FALSE,America/Boise
83355,42.75515,-114.72676,Wendell,ID,Idaho,TRUE,,5396,17.9,16047,Gooding,"{""16047"": 100}",Gooding,16047,FALSE,FALSE,America/Boise
83401,43.53222,-111.86516,Idaho Falls,ID,Idaho,TRUE,,47381,92.7,16019,Bonneville,"{""16019"": 99.79, ""16051"": 0.21}",Bonneville|Jefferson,16019|16051,FALSE,FALSE,America/Boise
83402,43.53011,-112.16786,Idaho Falls,ID,Idaho,TRUE,,28037,63.3,16019,Bonneville,"{""16019"": 97.02, ""16051"": 2.61, ""16011"": 0.37}",Bonneville|Jefferson|Bingham,16019|16051|16011,FALSE,FALSE,America/Boise
83404,43.42818,-112.01432,Idaho Falls,ID,Idaho,TRUE,,25947,401.0,16019,Bonneville,"{""16019"": 100}",Bonneville,16019,FALSE,FALSE,America/Boise
83406,43.43768,-111.93382,Idaho Falls,ID,Idaho,TRUE,,19251,232.1,16019,Bonneville,"{""16019"": 100}",Bonneville,16019,FALSE,FALSE,America/Boise
83420,44.06001,-111.32243,Ashton,ID,Idaho,TRUE,,2737,2.6,16043,Fremont,"{""16043"": 100}",Fremont,16043,FALSE,FALSE,America/Boise
83421,44.00349,-111.54057,Chester,ID,Idaho,TRUE,,379,12.5,16043,Fremont,"{""16043"": 100}",Fremont,16043,FALSE,FALSE,America/Boise
83422,43.70463,-111.23914,Driggs,ID,Idaho,TRUE,,3613,11.1,16081,Teton,"{""16081"": 100}",Teton,16081,FALSE,FALSE,America/Boise
83423,44.33967,-112.33199,Dubois,ID,Idaho,TRUE,,684,0.5,16033,Clark,"{""16033"": 100}",Clark,16033,FALSE,FALSE,America/Boise
83424,43.90488,-111.19136,Felt,ID,Idaho,TRUE,,87,0.8,16081,Teton,"{""16081"": 100}",Teton,16081,FALSE,FALSE,America/Boise
83425,43.93106,-112.21677,Hamer,ID,Idaho,TRUE,,740,2.4,16051,Jefferson,"{""16051"": 93.42, ""16043"": 6.58}",Jefferson|Fremont,16051|16043,FALSE,FALSE,America/Boise
83427,43.35936,-111.75064,Iona,ID,Idaho,TRUE,,2655,12.3,16019,Bonneville,"{""16019"": 100}",Bonneville,16019,FALSE,FALSE,America/Boise
83428,43.3833,-111.16093,Irwin,ID,Idaho,TRUE,,525,0.8,16019,Bonneville,"{""16019"": 100}",Bonneville,16019,FALSE,FALSE,America/Boise
83429,44.48674,-111.37366,Island Park,ID,Idaho,TRUE,,643,0.5,16043,Fremont,"{""16043"": 100}",Fremont,16043,FALSE,FALSE,America/Boise
83431,43.68808,-112.03012,Lewisville,ID,Idaho,TRUE,,879,27.1,16051,Jefferson,"{""16051"": 100}",Jefferson,16051,FALSE,FALSE,America/Boise
83433,44.49284,-111.31788,Macks Inn,ID,Idaho,TRUE,,29,7.2,16043,Fremont,"{""16043"": 100}",Fremont,16043,FALSE,FALSE,America/Boise
83434,43.75636,-112.00758,Menan,ID,Idaho,TRUE,,1695,15.1,16051,Jefferson,"{""16051"": 72.28, ""16065"": 27.72}",Jefferson|Madison,16051|16065,FALSE,FALSE,America/Boise
83435,43.98469,-112.58043,Monteview,ID,Idaho,TRUE,,503,1.1,16051,Jefferson,"{""16051"": 81.37, ""16033"": 18.63}",Jefferson|Clark,16051|16033,FALSE,FALSE,America/Boise
83436,43.8588,-111.46665,Newdale,ID,Idaho,TRUE,,860,3.3,16065,Madison,"{""16065"": 75.94, ""16081"": 17.53, ""16043"": 6.53}",Madison|Teton|Fremont,16065|16081|16043,FALSE,FALSE,America/Boise
83438,43.9597,-111.75932,Parker,ID,Idaho,TRUE,,373,2694.0,16043,Fremont,"{""16043"": 100}",Fremont,16043,FALSE,FALSE,America/Boise
83440,43.81092,-111.80779,Rexburg,ID,Idaho,TRUE,,49410,105.0,16065,Madison,"{""16065"": 96.13, ""16043"": 3.87}",Madison|Fremont,16065|16043,FALSE,FALSE,America/Boise
83442,43.62931,-111.82507,Rigby,ID,Idaho,TRUE,,24445,72.9,16051,Jefferson,"{""16051"": 71.59, ""16019"": 28.41}",Jefferson|Bonneville,16051|16019,FALSE,FALSE,America/Boise
83443,43.50942,-111.56155,Ririe,ID,Idaho,TRUE,,1094,2.1,16019,Bonneville,"{""16019"": 95.1, ""16051"": 3.69, ""16065"": 1.21}",Bonneville|Jefferson|Madison,16019|16051|16065,FALSE,FALSE,America/Boise
83444,43.69748,-112.24406,Roberts,ID,Idaho,TRUE,,1083,2.6,16051,Jefferson,"{""16051"": 99.23, ""16019"": 0.77}",Jefferson|Bonneville,16051|16019,FALSE,FALSE,America/Boise
83445,44.07014,-111.73075,Saint Anthony,ID,Idaho,TRUE,,7213,9.3,16043,Fremont,"{""16043"": 99.73, ""16065"": 0.27}",Fremont|Madison,16043|16065,FALSE,FALSE,America/Boise
83446,44.37841,-112.21887,Spencer,ID,Idaho,TRUE,,25,0.3,16033,Clark,"{""16033"": 100}",Clark,16033,FALSE,FALSE,America/Boise
83448,43.85082,-111.70529,Sugar City,ID,Idaho,TRUE,,3166,42.4,16065,Madison,"{""16065"": 98.03, ""16043"": 1.97}",Madison|Fremont,16065|16043,FALSE,FALSE,America/Boise
83449,43.42487,-111.35966,Swan Valley,ID,Idaho,TRUE,,226,0.4,16019,Bonneville,"{""16019"": 100}",Bonneville,16019,FALSE,FALSE,America/Boise
83450,43.8463,-112.41356,Terreton,ID,Idaho,TRUE,,1131,3.4,16051,Jefferson,"{""16051"": 100}",Jefferson,16051,FALSE,FALSE,America/Boise
83451,43.86595,-111.63489,Teton,ID,Idaho,TRUE,,1038,24.2,16065,Madison,"{""16065"": 66.47, ""16043"": 33.53}",Madison|Fremont,16065|16043,FALSE,FALSE,America/Boise
83452,43.83619,-111.21239,Tetonia,ID,Idaho,TRUE,,2205,4.9,16081,Teton,"{""16081"": 100}",Teton,16081,FALSE,FALSE,America/Boise
83454,43.5946,-111.95698,Ucon,ID,Idaho,TRUE,,386,920.2,16019,Bonneville,"{""16019"": 100}",Bonneville,16019,FALSE,FALSE,America/Boise
83455,43.60638,-111.14077,Victor,ID,Idaho,TRUE,,5908,24.6,16081,Teton,"{""16081"": 100}",Teton,16081,FALSE,FALSE,America/Boise
83460,43.81639,-111.7826,Rexburg,ID,Idaho,TRUE,,18,24.2,16065,Madison,"{""16065"": 100}",Madison,16065,FALSE,FALSE,America/Boise
83462,45.30698,-113.81069,Carmen,ID,Idaho,TRUE,,388,1.4,16059,Lemhi,"{""16059"": 100}",Lemhi,16059,FALSE,FALSE,America/Boise
83463,45.5706,-113.97716,Gibbonsville,ID,Idaho,TRUE,,49,0.1,16059,Lemhi,"{""16059"": 100}",Lemhi,16059,FALSE,FALSE,America/Boise
83464,44.48105,-113.20271,Leadore,ID,Idaho,TRUE,,308,0.1,16059,Lemhi,"{""16059"": 89.5, ""16033"": 10.5}",Lemhi|Clark,16059|16033,FALSE,FALSE,America/Boise
83465,44.77581,-113.69949,Lemhi,ID,Idaho,TRUE,,64,0.1,16059,Lemhi,"{""16059"": 100}",Lemhi,16059,FALSE,FALSE,America/Boise
83466,45.44184,-114.05549,North Fork,ID,Idaho,TRUE,,80,0.1,16059,Lemhi,"{""16059"": 100}",Lemhi,16059,FALSE,FALSE,America/Boise
83467,45.02006,-113.89828,Salmon,ID,Idaho,TRUE,,6817,3.1,16059,Lemhi,"{""16059"": 100}",Lemhi,16059,FALSE,FALSE,America/Boise
83468,44.92444,-113.61293,Tendoy,ID,Idaho,TRUE,,175,0.5,16059,Lemhi,"{""16059"": 100}",Lemhi,16059,FALSE,FALSE,America/Boise
83469,45.1127,-114.47772,Shoup,ID,Idaho,TRUE,,34,0.0,16059,Lemhi,"{""16059"": 100}",Lemhi,16059,FALSE,FALSE,America/Boise
83501,46.2283,-116.90608,Lewiston,ID,Idaho,TRUE,,37136,58.7,16069,Nez Perce,"{""16069"": 100}",Nez Perce,16069,FALSE,FALSE,America/Los_Angeles
83520,46.53936,-116.32366,Ahsahka,ID,Idaho,TRUE,,314,10.9,16035,Clearwater,"{""16035"": 100}",Clearwater,16035,FALSE,FALSE,America/Los_Angeles
83522,45.91273,-116.50102,Cottonwood,ID,Idaho,TRUE,,2595,2.3,16049,Idaho,"{""16049"": 100}",Idaho,16049,FALSE,FALSE,America/Boise
83523,46.22939,-116.47224,Craigmont,ID,Idaho,TRUE,,799,1.4,16061,Lewis,"{""16061"": 100}",Lewis,16061,FALSE,FALSE,America/Los_Angeles
83524,46.3586,-116.65439,Culdesac,ID,Idaho,TRUE,,853,2.8,16069,Nez Perce,"{""16069"": 80.23, ""16061"": 19.77}",Nez Perce|Lewis,16069|16061,FALSE,FALSE,America/Los_Angeles
83525,45.73798,-115.39367,Elk City,ID,Idaho,TRUE,,377,0.3,16049,Idaho,"{""16049"": 100}",Idaho,16049,FALSE,FALSE,America/Los_Angeles
83526,46.14759,-116.4169,Ferdinand,ID,Idaho,TRUE,,273,2.7,16049,Idaho,"{""16049"": 100}",Idaho,16049,FALSE,FALSE,America/Los_Angeles
83530,45.91516,-116.02117,Grangeville,ID,Idaho,TRUE,,5840,5.8,16049,Idaho,"{""16049"": 100}",Idaho,16049,FALSE,FALSE,America/Los_Angeles
83533,46.11707,-116.24063,Greencreek,ID,Idaho,TRUE,,219,2.5,16049,Idaho,"{""16049"": 100}",Idaho,16049,FALSE,FALSE,America/Los_Angeles
83535,46.54011,-116.72599,Juliaetta,ID,Idaho,TRUE,,1014,7.4,16069,Nez Perce,"{""16069"": 70.27, ""16057"": 29.73}",Nez Perce|Latah,16069|16057,FALSE,FALSE,America/Los_Angeles
83536,46.21794,-116.02665,Kamiah,ID,Idaho,TRUE,,4338,8.2,16049,Idaho,"{""16049"": 91.41, ""16061"": 8.59}",Idaho|Lewis,16049|16061,FALSE,FALSE,America/Los_Angeles
83537,46.62877,-116.52348,Kendrick,ID,Idaho,TRUE,,1060,2.3,16057,Latah,"{""16057"": 52.28, ""16069"": 27.99, ""16035"": 19.73}",Latah|Nez Perce|Clearwater,16057|16069|16035,FALSE,FALSE,America/Los_Angeles
83539,46.20361,-114.93684,Kooskia,ID,Idaho,TRUE,,2240,0.4,16049,Idaho,"{""16049"": 100}",Idaho,16049,FALSE,FALSE,America/Los_Angeles
83540,46.34649,-116.78273,Lapwai,ID,Idaho,TRUE,,2435,8.9,16069,Nez Perce,"{""16069"": 100}",Nez Perce,16069,FALSE,FALSE,America/Los_Angeles
83541,46.49297,-116.50156,Lenore,ID,Idaho,TRUE,,1032,3.9,16069,Nez Perce,"{""16069"": 74.73, ""16035"": 25.27}",Nez Perce|Clearwater,16069|16035,FALSE,FALSE,America/Los_Angeles
83542,45.55291,-116.3115,Lucile,ID,Idaho,TRUE,,132,0.6,16049,Idaho,"{""16049"": 100}",Idaho,16049,FALSE,FALSE,America/Boise
83543,46.27358,-116.23815,Nezperce,ID,Idaho,TRUE,,789,2.3,16061,Lewis,"{""16061"": 100}",Lewis,16061,FALSE,FALSE,America/Los_Angeles
83544,46.49365,-116.1525,Orofino,ID,Idaho,TRUE,,6329,10.1,16035,Clearwater,"{""16035"": 97.36, ""16061"": 2.64}",Clearwater|Lewis,16035|16061,FALSE,FALSE,America/Los_Angeles
83545,46.42664,-116.4213,Peck,ID,Idaho,TRUE,,400,3.6,16069,Nez Perce,"{""16069"": 100}",Nez Perce,16069,FALSE,FALSE,America/Los_Angeles
83546,46.57326,-115.81115,Pierce,ID,Idaho,TRUE,,441,4.2,16035,Clearwater,"{""16035"": 100}",Clearwater,16035,FALSE,FALSE,America/Los_Angeles
83547,45.31165,-116.33062,Pollock,ID,Idaho,TRUE,,282,3.3,16049,Idaho,"{""16049"": 100}",Idaho,16049,FALSE,FALSE,America/Boise
83548,46.34878,-116.50843,Reubens,ID,Idaho,TRUE,,133,2.0,16069,Nez Perce,"{""16069"": 85.92, ""16061"": 14.08}",Nez Perce|Lewis,16069|16061,FALSE,FALSE,America/Los_Angeles
83549,45.36641,-116.2549,Riggins,ID,Idaho,TRUE,,665,0.5,16049,Idaho,"{""16049"": 100}",Idaho,16049,FALSE,FALSE,America/Boise
83552,45.9777,-115.93948,Stites,ID,Idaho,TRUE,,810,2.7,16049,Idaho,"{""16049"": 100}",Idaho,16049,FALSE,FALSE,America/Los_Angeles
83553,46.38365,-115.9038,Weippe,ID,Idaho,TRUE,,1015,3.6,16035,Clearwater,"{""16035"": 100}",Clearwater,16035,FALSE,FALSE,America/Los_Angeles
83554,45.68522,-116.29936,White Bird,ID,Idaho,TRUE,,351,0.6,16049,Idaho,"{""16049"": 100}",Idaho,16049,FALSE,FALSE,America/Los_Angeles
83555,46.08662,-116.72221,Winchester,ID,Idaho,TRUE,,386,0.8,16069,Nez Perce,"{""16069"": 58.63, ""16061"": 41.37}",Nez Perce|Lewis,16069|16061,FALSE,FALSE,America/Los_Angeles
83602,44.09676,-116.15049,Banks,ID,Idaho,TRUE,,5,0.1,16015,Boise,"{""16015"": 100}",Boise,16015,FALSE,FALSE,America/Boise
83604,42.52727,-115.84966,Bruneau,ID,Idaho,TRUE,,495,0.2,16073,Owyhee,"{""16073"": 100}",Owyhee,16073,FALSE,FALSE,America/Boise
83605,43.66442,-116.65171,Caldwell,ID,Idaho,TRUE,,39636,621.4,16027,Canyon,"{""16027"": 100}",Canyon,16027,FALSE,FALSE,America/Boise
83607,43.7116,-116.74362,Caldwell,ID,Idaho,TRUE,,34178,57.4,16027,Canyon,"{""16027"": 70.79, ""16075"": 19.63, ""16045"": 9.58}",Canyon|Payette|Gem,16027|16075|16045,FALSE,FALSE,America/Boise
83610,44.70231,-116.78239,Cambridge,ID,Idaho,TRUE,,995,0.8,16087,Washington,"{""16087"": 87.36, ""16003"": 12.64}",Washington|Adams,16087|16003,FALSE,FALSE,America/Boise
83611,45.03935,-115.24709,Cascade,ID,Idaho,TRUE,,3041,0.4,16085,Valley,"{""16085"": 60.26, ""16049"": 39.74}",Valley|Idaho,16085|16049,FALSE,FALSE,America/Boise
83612,44.8438,-116.53296,Council,ID,Idaho,TRUE,,2022,1.6,16003,Adams,"{""16003"": 100}",Adams,16003,FALSE,FALSE,America/Boise
83615,44.70288,-116.0484,Donnelly,ID,Idaho,TRUE,,1310,6.9,16085,Valley,"{""16085"": 100}",Valley,16085,FALSE,FALSE,America/Boise
83616,43.77667,-116.38977,Eagle,ID,Idaho,TRUE,,33860,117.4,16001,Ada,"{""16001"": 64.61, ""16045"": 35.39}",Ada|Gem,16001|16045,FALSE,FALSE,America/Boise
83617,43.93303,-116.50368,Emmett,ID,Idaho,TRUE,,16858,29.1,16045,Gem,"{""16045"": 99.89, ""16075"": 0.11}",Gem|Payette,16045|16075,FALSE,FALSE,America/Boise
83619,43.96982,-116.91204,Fruitland,ID,Idaho,TRUE,,8170,99.6,16075,Payette,"{""16075"": 100}",Payette,16075,FALSE,FALSE,America/Boise
83622,44.1065,-115.88953,Garden Valley,ID,Idaho,TRUE,,2132,3.0,16015,Boise,"{""16015"": 100}",Boise,16015,FALSE,FALSE,America/Boise
83623,43.04932,-115.39485,Glenns Ferry,ID,Idaho,TRUE,,1580,2.5,16039,Elmore,"{""16039"": 100}",Elmore,16039,FALSE,FALSE,America/Boise
83624,42.92441,-116.14266,Grand View,ID,Idaho,TRUE,,1665,2.4,16073,Owyhee,"{""16073"": 77.31, ""16039"": 22.69}",Owyhee|Elmore,16073|16039,FALSE,FALSE,America/Boise
83626,43.66876,-116.82815,Greenleaf,ID,Idaho,TRUE,,1362,79.7,16027,Canyon,"{""16027"": 100}",Canyon,16027,FALSE,FALSE,America/Boise
83627,42.91336,-115.53238,Hammett,ID,Idaho,TRUE,,526,2.3,16073,Owyhee,"{""16073"": 72.37, ""16039"": 27.63}",Owyhee|Elmore,16073|16039,FALSE,FALSE,America/Boise
83628,43.57934,-116.96975,Homedale,ID,Idaho,TRUE,,4674,28.6,16073,Owyhee,"{""16073"": 100}",Owyhee,16073,FALSE,FALSE,America/Boise
83629,43.91115,-116.16947,Horseshoe Bend,ID,Idaho,TRUE,,1879,3.7,16015,Boise,"{""16015"": 95.32, ""16045"": 4.68}",Boise|Gem,16015|16045,FALSE,FALSE,America/Boise
83631,43.88543,-115.77369,Idaho City,ID,Idaho,TRUE,,1484,3.4,16015,Boise,"{""16015"": 100}",Boise,16015,FALSE,FALSE,America/Boise
83632,44.53228,-116.40994,Indian Valley,ID,Idaho,TRUE,,577,1.7,16003,Adams,"{""16003"": 96.18, ""16087"": 3.82}",Adams|Washington,16003|16087,FALSE,FALSE,America/Boise
83633,43.0297,-115.21253,King Hill,ID,Idaho,TRUE,,629,1.6,16039,Elmore,"{""16039"": 100}",Elmore,16039,FALSE,FALSE,America/Boise
83634,43.44824,-116.33287,Kuna,ID,Idaho,TRUE,,34650,85.7,16001,Ada,"{""16001"": 95.19, ""16027"": 4.81}",Ada|Canyon,16001|16027,FALSE,FALSE,America/Boise
83636,43.90832,-116.66097,Letha,ID,Idaho,TRUE,,572,88.6,16045,Gem,"{""16045"": 100}",Gem,16045,FALSE,FALSE,America/Boise
83637,44.13249,-115.29625,Lowman,ID,Idaho,TRUE,,265,0.2,16015,Boise,"{""16015"": 100}",Boise,16015,FALSE,FALSE,America/Boise
83638,45.1504,-115.82001,Mccall,ID,Idaho,TRUE,,7410,4.3,16085,Valley,"{""16085"": 52.73, ""16049"": 46.69, ""16003"": 0.58}",Valley|Idaho|Adams,16085|16049|16003,FALSE,FALSE,America/Boise
83639,43.36878,-116.92472,Marsing,ID,Idaho,TRUE,,3318,5.2,16073,Owyhee,"{""16073"": 100}",Owyhee,16073,FALSE,FALSE,America/Boise
83641,43.35079,-116.6357,Melba,ID,Idaho,TRUE,,4014,6.8,16073,Owyhee,"{""16073"": 61.0, ""16027"": 24.77, ""16001"": 14.23}",Owyhee|Canyon|Ada,16073|16027|16001,FALSE,FALSE,America/Boise
83642,43.57334,-116.40116,Meridian,ID,Idaho,TRUE,,54645,508.7,16001,Ada,"{""16001"": 100}",Ada,16001,FALSE,FALSE,America/Boise
83643,44.62983,-116.45439,Mesa,ID,Idaho,TRUE,,116,12.9,16003,Adams,"{""16003"": 100}",Adams,16003,FALSE,FALSE,America/Boise
83644,43.74823,-116.58455,Middleton,ID,Idaho,TRUE,,15349,129.3,16027,Canyon,"{""16027"": 100}",Canyon,16027,FALSE,FALSE,America/Boise
83645,44.36016,-116.56454,Midvale,ID,Idaho,TRUE,,881,0.8,16087,Washington,"{""16087"": 100}",Washington,16087,FALSE,FALSE,America/Boise
83646,43.65,-116.43247,Meridian,ID,Idaho,TRUE,,72804,1030.5,16001,Ada,"{""16001"": 100}",Ada,16001,FALSE,FALSE,America/Boise
83647,43.39487,-115.51159,Mountain Home,ID,Idaho,TRUE,,22106,5.7,16039,Elmore,"{""16039"": 97.7, ""16073"": 2.3}",Elmore|Owyhee,16039|16073,FALSE,FALSE,America/Boise
83648,43.04962,-115.86554,Mountain Home Afb,ID,Idaho,TRUE,,3184,123.3,16039,Elmore,"{""16039"": 100}",Elmore,16039,FALSE,FALSE,America/Boise
83650,42.87041,-116.65518,Murphy,ID,Idaho,TRUE,,501,0.1,16073,Owyhee,"{""16073"": 100}",Owyhee,16073,FALSE,FALSE,America/Boise
83651,43.58438,-116.62884,Nampa,ID,Idaho,TRUE,,36863,892.9,16027,Canyon,"{""16027"": 100}",Canyon,16027,FALSE,FALSE,America/Boise
83654,45.13647,-116.39626,New Meadows,ID,Idaho,TRUE,,1595,1.6,16003,Adams,"{""16003"": 78.92, ""16049"": 21.08}",Adams|Idaho,16003|16049,FALSE,FALSE,America/Boise
83655,43.95135,-116.79171,New Plymouth,ID,Idaho,TRUE,,5350,35.4,16075,Payette,"{""16075"": 100}",Payette,16075,FALSE,FALSE,America/Boise
83656,43.7255,-116.79852,Notus,ID,Idaho,TRUE,,620,931.7,16027,Canyon,"{""16027"": 100}",Canyon,16027,FALSE,FALSE,America/Boise
83657,44.23554,-116.30057,Ola,ID,Idaho,TRUE,,343,0.8,16045,Gem,"{""16045"": 97.47, ""16085"": 2.53}",Gem|Valley,16045|16085,FALSE,FALSE,America/Boise
83660,43.80016,-116.9301,Parma,ID,Idaho,TRUE,,6578,20.4,16027,Canyon,"{""16027"": 71.94, ""16075"": 28.06}",Canyon|Payette,16027|16075,FALSE,FALSE,America/Boise
83661,44.10617,-116.69337,Payette,ID,Idaho,TRUE,,10545,13.8,16075,Payette,"{""16075"": 78.77, ""16087"": 21.23}",Payette|Washington,16075|16087,FALSE,FALSE,America/Boise
83666,43.96157,-115.97398,Placerville,ID,Idaho,TRUE,,41,1.6,16015,Boise,"{""16015"": 100}",Boise,16015,FALSE,FALSE,America/Boise
83669,43.71899,-116.50147,Star,ID,Idaho,TRUE,,14235,249.7,16001,Ada,"{""16001"": 65.87, ""16027"": 34.13}",Ada|Canyon,16001|16027,FALSE,FALSE,America/Boise
83670,44.0189,-116.30793,Sweet,ID,Idaho,TRUE,,717,4.1,16045,Gem,"{""16045"": 68.98, ""16015"": 31.02}",Gem|Boise,16045|16015,FALSE,FALSE,America/Boise
83672,44.38095,-116.97188,Weiser,ID,Idaho,TRUE,,8736,6.2,16087,Washington,"{""16087"": 100}",Washington,16087,FALSE,FALSE,America/Boise
83676,43.65743,-116.91156,Wilder,ID,Idaho,TRUE,,5373,50.9,16027,Canyon,"{""16027"": 100}",Canyon,16027,FALSE,FALSE,America/Boise
83677,45.03763,-115.38691,Yellow Pine,ID,Idaho,TRUE,,327,0.3,16085,Valley,"{""16085"": 100}",Valley,16085,FALSE,FALSE,America/Boise
83686,43.49643,-116.61207,Nampa,ID,Idaho,TRUE,,56267,247.7,16027,Canyon,"{""16027"": 100}",Canyon,16027,FALSE,FALSE,America/Boise
83687,43.60998,-116.52997,Nampa,ID,Idaho,TRUE,,37095,289.9,16027,Canyon,"{""16027"": 89.67, ""16001"": 10.33}",Canyon|Ada,16027|16001,FALSE,FALSE,America/Boise
83702,43.66821,-116.16493,Boise,ID,Idaho,TRUE,,23113,284.6,16001,Ada,"{""16001"": 97.26, ""16015"": 2.74}",Ada|Boise,16001|16015,FALSE,FALSE,America/Boise
83703,43.66189,-116.23906,Boise,ID,Idaho,TRUE,,18168,862.5,16001,Ada,"{""16001"": 100}",Ada,16001,FALSE,FALSE,America/Boise
83704,43.62765,-116.28716,Boise,ID,Idaho,TRUE,,40520,1787.7,16001,Ada,"{""16001"": 100}",Ada,16001,FALSE,FALSE,America/Boise
83705,43.55609,-116.22002,Boise,ID,Idaho,TRUE,,27849,663.3,16001,Ada,"{""16001"": 100}",Ada,16001,FALSE,FALSE,America/Boise
83706,43.59108,-116.19427,Boise,ID,Idaho,TRUE,,36806,1912.7,16001,Ada,"{""16001"": 100}",Ada,16001,FALSE,FALSE,America/Boise
83709,43.55212,-116.28847,Boise,ID,Idaho,TRUE,,58321,668.2,16001,Ada,"{""16001"": 100}",Ada,16001,FALSE,FALSE,America/Boise
83712,43.61663,-116.11766,Boise,ID,Idaho,TRUE,,9217,155.1,16001,Ada,"{""16001"": 100}",Ada,16001,FALSE,FALSE,America/Boise
83713,43.63897,-116.33464,Boise,ID,Idaho,TRUE,,29722,1738.0,16001,Ada,"{""16001"": 100}",Ada,16001,FALSE,FALSE,America/Boise
83714,43.72444,-116.27017,Garden City,ID,Idaho,TRUE,,26202,186.7,16001,Ada,"{""16001"": 100}",Ada,16001,FALSE,FALSE,America/Boise
83716,43.67271,-115.6548,Boise,ID,Idaho,TRUE,,21092,7.8,16039,Elmore,"{""16039"": 60.34, ""16015"": 23.82, ""16001"": 15.84}",Elmore|Boise|Ada,16039|16015|16001,FALSE,FALSE,America/Boise
83720,43.61771,-116.19973,Boise,ID,Idaho,TRUE,,0,0.0,16001,Ada,"{""16001"": 100}",Ada,16001,FALSE,FALSE,America/Boise
83725,43.60484,-116.20569,Boise,ID,Idaho,TRUE,,0,0.0,16001,Ada,"{""16001"": 100}",Ada,16001,FALSE,FALSE,America/Boise
83801,47.95631,-116.6434,Athol,ID,Idaho,TRUE,,7494,16.5,16055,Kootenai,"{""16055"": 60.01, ""16017"": 39.99}",Kootenai|Bonner,16055|16017,FALSE,FALSE,America/Los_Angeles
83802,47.26665,-115.72815,Avery,ID,Idaho,TRUE,,152,0.2,16079,Shoshone,"{""16079"": 100}",Shoshone,16079,FALSE,FALSE,America/Los_Angeles
83803,48.02261,-116.39878,Bayview,ID,Idaho,TRUE,,546,1.7,16017,Bonner,"{""16017"": 92.82, ""16055"": 7.18}",Bonner|Kootenai,16017|16055,FALSE,FALSE,America/Los_Angeles
83804,48.03714,-116.97315,Blanchard,ID,Idaho,TRUE,,1631,11.9,16017,Bonner,"{""16017"": 100}",Bonner,16017,FALSE,FALSE,America/Los_Angeles
83805,48.83203,-116.49248,Bonners Ferry,ID,Idaho,TRUE,,8775,3.8,16021,Boundary,"{""16021"": 100}",Boundary,16021,FALSE,FALSE,America/Los_Angeles
83806,46.88243,-116.37038,Bovill,ID,Idaho,TRUE,,232,3.6,16057,Latah,"{""16057"": 100}",Latah,16057,FALSE,FALSE,America/Los_Angeles
83808,47.31276,-116.07659,Calder,ID,Idaho,TRUE,,138,0.3,16079,Shoshone,"{""16079"": 100}",Shoshone,16079,FALSE,FALSE,America/Los_Angeles
83809,48.06234,-116.58116,Careywood,ID,Idaho,TRUE,,460,10.5,16017,Bonner,"{""16017"": 100}",Bonner,16017,FALSE,FALSE,America/Los_Angeles
83810,47.54326,-116.45525,Cataldo,ID,Idaho,TRUE,,1630,4.0,16055,Kootenai,"{""16055"": 97.47, ""16079"": 2.53}",Kootenai|Shoshone,16055|16079,FALSE,FALSE,America/Los_Angeles
83811,48.11296,-116.15574,Clark Fork,ID,Idaho,TRUE,,1701,6.2,16017,Bonner,"{""16017"": 100}",Bonner,16017,FALSE,FALSE,America/Los_Angeles
83812,47.00311,-116.28295,Clarkia,ID,Idaho,TRUE,,16,0.3,16079,Shoshone,"{""16079"": 100}",Shoshone,16079,FALSE,FALSE,America/Los_Angeles
83813,48.10462,-116.63734,Cocolalla,ID,Idaho,TRUE,,1063,9.9,16017,Bonner,"{""16017"": 100}",Bonner,16017,FALSE,FALSE,America/Los_Angeles
83814,47.63717,-116.75811,Coeur D Alene,ID,Idaho,TRUE,,26611,52.9,16055,Kootenai,"{""16055"": 100}",Kootenai,16055,FALSE,FALSE,America/Los_Angeles
83815,47.72498,-116.78732,Coeur D Alene,ID,Idaho,TRUE,,38934,962.6,16055,Kootenai,"{""16055"": 100}",Kootenai,16055,FALSE,FALSE,America/Los_Angeles
83821,48.59365,-116.8367,Coolin,ID,Idaho,TRUE,,216,1.7,16017,Bonner,"{""16017"": 100}",Bonner,16017,FALSE,FALSE,America/Los_Angeles
83822,48.16785,-117.0014,Oldtown,ID,Idaho,TRUE,,1830,20.5,16017,Bonner,"{""16017"": 100}",Bonner,16017,FALSE,FALSE,America/Los_Angeles
83823,46.80554,-116.51934,Deary,ID,Idaho,TRUE,,1552,3.9,16057,Latah,"{""16057"": 100}",Latah,16057,FALSE,FALSE,America/Los_Angeles
83824,47.10638,-116.93901,Desmet,ID,Idaho,TRUE,,403,2.1,16009,Benewah,"{""16009"": 73.93, ""16057"": 26.07}",Benewah|Latah,16009|16057,FALSE,FALSE,America/Los_Angeles
83825,48.24694,-116.6076,Dover,ID,Idaho,TRUE,,177,126.0,16017,Bonner,"{""16017"": 100}",Bonner,16017,FALSE,FALSE,America/Los_Angeles
83826,48.98382,-116.15188,Eastport,ID,Idaho,TRUE,,101,3.3,16021,Boundary,"{""16021"": 100}",Boundary,16021,FALSE,FALSE,America/Los_Angeles
83827,46.78035,-116.17469,Elk River,ID,Idaho,TRUE,,199,8.1,16035,Clearwater,"{""16035"": 100}",Clearwater,16035,FALSE,FALSE,America/Los_Angeles
83830,47.07651,-116.35272,Fernwood,ID,Idaho,TRUE,,300,1.9,16009,Benewah,"{""16009"": 70.97, ""16079"": 29.03}",Benewah|Shoshone,16009|16079,FALSE,FALSE,America/Los_Angeles
83832,46.55223,-116.90666,Genesee,ID,Idaho,TRUE,,1775,4.6,16057,Latah,"{""16057"": 55.17, ""16069"": 44.83}",Latah|Nez Perce,16057|16069,FALSE,FALSE,America/Los_Angeles
83833,47.51484,-116.73284,Harrison,ID,Idaho,TRUE,,1390,5.1,16055,Kootenai,"{""16055"": 99.9, ""16009"": 0.1}",Kootenai|Benewah,16055|16009,FALSE,FALSE,America/Los_Angeles
83834,46.97566,-116.67484,Harvard,ID,Idaho,TRUE,,224,1.0,16057,Latah,"{""16057"": 100}",Latah,16057,FALSE,FALSE,America/Los_Angeles
83835,47.79557,-116.66843,Hayden,ID,Idaho,TRUE,,23229,90.2,16055,Kootenai,"{""16055"": 100}",Kootenai,16055,FALSE,FALSE,America/Los_Angeles
83836,48.27046,-116.24804,Hope,ID,Idaho,TRUE,,833,3.4,16017,Bonner,"{""16017"": 100}",Bonner,16017,FALSE,FALSE,America/Los_Angeles
83837,47.52835,-116.09103,Kellogg,ID,Idaho,TRUE,,3181,20.4,16079,Shoshone,"{""16079"": 100}",Shoshone,16079,FALSE,FALSE,America/Los_Angeles
83839,47.61647,-116.17949,Kingston,ID,Idaho,TRUE,,1146,4.7,16079,Shoshone,"{""16079"": 100}",Shoshone,16079,FALSE,FALSE,America/Los_Angeles
83840,48.31263,-116.51506,Kootenai,ID,Idaho,TRUE,,673,878.2,16017,Bonner,"{""16017"": 100}",Bonner,16017,FALSE,FALSE,America/Los_Angeles
83841,48.19911,-116.77851,Laclede,ID,Idaho,TRUE,,601,9.7,16017,Bonner,"{""16017"": 100}",Bonner,16017,FALSE,FALSE,America/Los_Angeles
83842,47.44046,-116.55056,Medimont,ID,Idaho,TRUE,,99,2.0,16055,Kootenai,"{""16055"": 100}",Kootenai,16055,FALSE,FALSE,America/Los_Angeles
83843,46.72257,-116.94132,Moscow,ID,Idaho,TRUE,,24223,78.6,16057,Latah,"{""16057"": 100}",Latah,16057,FALSE,FALSE,America/Los_Angeles
83844,46.72823,-117.01946,Moscow,ID,Idaho,TRUE,,4478,2947.5,16057,Latah,"{""16057"": 100}",Latah,16057,FALSE,FALSE,America/Los_Angeles
83845,48.74854,-116.11302,Moyie Springs,ID,Idaho,TRUE,,1913,11.2,16021,Boundary,"{""16021"": 100}",Boundary,16021,FALSE,FALSE,America/Los_Angeles
83846,47.47308,-115.75009,Mullan,ID,Idaho,TRUE,,717,7.8,16079,Shoshone,"{""16079"": 100}",Shoshone,16079,FALSE,FALSE,America/Los_Angeles
83847,48.57699,-116.43207,Naples,ID,Idaho,TRUE,,1527,5.0,16021,Boundary,"{""16021"": 100}",Boundary,16021,FALSE,FALSE,America/Los_Angeles
83848,48.7067,-116.92766,Nordman,ID,Idaho,TRUE,,228,1.6,16017,Bonner,"{""16017"": 100}",Bonner,16017,FALSE,FALSE,America/Los_Angeles
83849,47.51723,-115.99531,Osburn,ID,Idaho,TRUE,,2240,48.9,16079,Shoshone,"{""16079"": 100}",Shoshone,16079,FALSE,FALSE,America/Los_Angeles
83850,47.4421,-116.20674,Pinehurst,ID,Idaho,TRUE,,2429,10.0,16079,Shoshone,"{""16079"": 100}",Shoshone,16079,FALSE,FALSE,America/Los_Angeles
83851,47.29899,-116.90513,Plummer,ID,Idaho,TRUE,,2096,6.4,16009,Benewah,"{""16009"": 100}",Benewah,16009,FALSE,FALSE,America/Los_Angeles
83852,48.31105,-116.53933,Ponderay,ID,Idaho,TRUE,,1189,184.0,16017,Bonner,"{""16017"": 100}",Bonner,16017,FALSE,FALSE,America/Los_Angeles
83854,47.7267,-116.97511,Post Falls,ID,Idaho,TRUE,,50378,250.7,16055,Kootenai,"{""16055"": 100}",Kootenai,16055,FALSE,FALSE,America/Los_Angeles
83855,46.97188,-116.92464,Potlatch,ID,Idaho,TRUE,,1774,6.2,16057,Latah,"{""16057"": 100}",Latah,16057,FALSE,FALSE,America/Los_Angeles
83856,48.34228,-116.91058,Priest River,ID,Idaho,TRUE,,6918,6.7,16017,Bonner,"{""16017"": 91.97, ""53051"": 8.03}",Bonner|Pend Oreille,16017|53051,FALSE,FALSE,America/Los_Angeles
83857,46.8895,-116.79776,Princeton,ID,Idaho,TRUE,,1294,7.4,16057,Latah,"{""16057"": 100}",Latah,16057,FALSE,FALSE,America/Los_Angeles
83858,47.85245,-116.90173,Rathdrum,ID,Idaho,TRUE,,18575,64.0,16055,Kootenai,"{""16055"": 100}",Kootenai,16055,FALSE,FALSE,America/Los_Angeles
83860,48.19234,-116.52918,Sagle,ID,Idaho,TRUE,,7989,26.5,16017,Bonner,"{""16017"": 100}",Bonner,16017,FALSE,FALSE,America/Los_Angeles
83861,47.2488,-116.57821,Saint Maries,ID,Idaho,TRUE,,6701,5.7,16009,Benewah,"{""16009"": 89.23, ""16079"": 6.0, ""16055"": 4.77}",Benewah|Shoshone|Kootenai,16009|16079|16055,FALSE,FALSE,America/Los_Angeles
83864,48.43432,-116.50559,Sandpoint,ID,Idaho,TRUE,,19405,18.6,16017,Bonner,"{""16017"": 73.82, ""16021"": 26.18}",Bonner|Boundary,16017|16021,FALSE,FALSE,America/Los_Angeles
83866,47.14286,-116.43995,Santa,ID,Idaho,TRUE,,299,1.8,16009,Benewah,"{""16009"": 100}",Benewah,16009,FALSE,FALSE,America/Los_Angeles
83867,47.50624,-115.94696,Silverton,ID,Idaho,TRUE,,576,52.9,16079,Shoshone,"{""16079"": 100}",Shoshone,16079,FALSE,FALSE,America/Los_Angeles
83868,47.52441,-116.18439,Smelterville,ID,Idaho,TRUE,,894,51.7,16079,Shoshone,"{""16079"": 100}",Shoshone,16079,FALSE,FALSE,America/Los_Angeles
83869,47.98095,-116.89239,Spirit Lake,ID,Idaho,TRUE,,5667,33.2,16055,Kootenai,"{""16055"": 58.1, ""16017"": 41.9}",Kootenai|Bonner,16055|16017,FALSE,FALSE,America/Los_Angeles
83870,47.13862,-116.85372,Tensed,ID,Idaho,TRUE,,415,2.5,16009,Benewah,"{""16009"": 100}",Benewah,16009,FALSE,FALSE,America/Los_Angeles
83871,46.74589,-116.73865,Troy,ID,Idaho,TRUE,,2299,7.9,16057,Latah,"{""16057"": 100}",Latah,16057,FALSE,FALSE,America/Los_Angeles
83872,46.85772,-116.97251,Viola,ID,Idaho,TRUE,,759,7.6,16057,Latah,"{""16057"": 100}",Latah,16057,FALSE,FALSE,America/Los_Angeles
83873,47.5982,-115.90899,Wallace,ID,Idaho,TRUE,,1726,2.6,16079,Shoshone,"{""16079"": 100}",Shoshone,16079,FALSE,FALSE,America/Los_Angeles
83874,47.63563,-115.78882,Murray,ID,Idaho,TRUE,,91,0.9,16079,Shoshone,"{""16079"": 100}",Shoshone,16079,FALSE,FALSE,America/Los_Angeles
83876,47.44842,-116.93161,Worley,ID,Idaho,TRUE,,1566,5.0,16055,Kootenai,"{""16055"": 100}",Kootenai,16055,FALSE,FALSE,America/Los_Angeles
